{
  "version": 1,
  "author": "Uri Shaked",
  "editor": "wokwi",
  "parts": [
    { "type": "wokwi-arduino-uno", "id": "uno", "top": 39, "left": -77.4, "attrs": {} },
    {
      "type": "wokwi-dht22",
      "id": "dht",
      "top": -115.7,
      "left": -198.05,
      "attrs": { "humidity": "81", "temperature": "58.7" }
    },
    { "type": "wokwi-servo", "id": "servo1", "top": -69.2, "left": 384, "attrs": {} },
    {
      "type": "wokwi-lcd2004",
      "id": "lcd1",
      "top": 144.61,
      "left": 295.95,
      "attrs": { "pins": "i2c" }
    },
    {
      "type": "wokwi-pushbutton",
      "id": "btn1",
      "top": -99.4,
      "left": -28.8,
      "attrs": { "color": "black" }
    },
    {
      "type": "wokwi-led",
      "id": "led1",
      "top": -117.13,
      "left": 88.38,
      "attrs": { "color": "green" }
    },
    {
      "type": "wokwi-led",
      "id": "led2",
      "top": -108.89,
      "left": 141.14,
      "attrs": { "color": "red" }
    },
    {
      "type": "wokwi-resistor",
      "id": "r1",
      "top": -62.71,
      "left": 143.9,
      "attrs": { "value": "1000" }
    },
    {
      "type": "wokwi-resistor",
      "id": "r2",
      "top": -59.34,
      "left": 230.91,
      "attrs": { "value": "1000" }
    }
  ],
  "connections": [
    [ "uno:GND.1", "dht:GND", "black", [ "v-20", "*", "v5" ] ],
    [ "uno:2", "dht:SDA", "green", [ "v-16", "*", "h0" ] ],
    [ "uno:5V", "dht:VCC", "red", [ "v20", "*", "h0" ] ],
    [ "servo1:PWM", "uno:3", "green", [ "h0" ] ],
    [ "servo1:V+", "uno:5V", "green", [ "h-99.67", "v-49.69" ] ],
    [ "servo1:GND", "uno:GND.1", "black", [ "h0" ] ],
    [ "lcd1:GND", "uno:GND.2", "black", [ "h0" ] ],
    [ "lcd1:VCC", "uno:5V", "red", [ "h0" ] ],
    [ "lcd1:SDA", "uno:A4", "green", [ "h0" ] ],
    [ "lcd1:SCL", "uno:A5", "green", [ "h0" ] ],
    [ "btn1:1.r", "uno:7", "green", [ "v0" ] ],
    [ "btn1:2.l", "uno:GND.1", "black", [ "h-14.83", "v211.92" ] ],
    [ "led1:A", "r1:1", "green", [ "v0" ] ],
    [ "led2:A", "r2:1", "green", [ "v0" ] ],
    [ "led1:C", "uno:GND.1", "black", [ "v0" ] ],
    [ "led2:C", "uno:GND.1", "black", [ "v0" ] ],
    [ "r1:2", "uno:10", "green", [ "v0" ] ],
    [ "r2:2", "uno:11", "green", [ "v0" ] ]
  ],
  "dependencies": {}
}